村志代码 Gazetteer Code,村志书名 Gazetteer Title,姓氏总数 Total Number of Last Names in Village,前五大姓氏 - 汉字 Five Most Common Last Names in Village - Chinese Characters,前五大姓氏 - 汉语拼音 Five Most Common Last Names in Village - Hanyu Pinyin
1,太平店村志,17,"马, 范, 李, 梁, 姚","Ma, Fan, Li, Liang, Yao"
2,叶店村志,45,"叶, 邓, 杨, 陈, 梅","Ye, Deng, Yang, Chen, Mei"
3,马鞭田村志,59,"张, 陈, 杨, 杜, 王","Zhang, Chen, Yang, Du, Wang"
4,万秀村志,117,"邓, 陈, 黄, 梁, 林","Deng, Chen, Huang, Liang, Lin"
5,光淀村志,26,n/a,n/a
6,方等村志,19,"赵, 路, 张, 刘, 李","Zhao, Lu, Zhang, Liu, Li"
7,渔津洼村志,15,"张, 刘, 王, 朱, 李","Zhang, Liu, Wang, Zhu, Li"
9,仓上村志,107,"张, 陈, 谷, 王, 李","Zhang, Chen, Gu, Wang, Li"
10,草场地村志,n/a,"孙, 张, n/a, n/a, n/a","Sun, Zhang, n/a, n/a, n/a"
11,桥梓村志,n/a,"周, n/a, n/a, n/a, n/a","Zhou, n/a, n/a, n/a, n/a"
12,东侯坊村志,14,"李, 姚, 罗, 杨, 刘","Li, Yao, Luo, Yang, Liu"
13,黄土岗村志,295,"王, 卢, 殷, 张, 亢","Wang, Lu, Yin, Zhang, Kang"
14,桑耳庄村志,12,"桑, 成, 张, 高, 李","Sang, Cheng, Zhang, Gao, Li"
15,三合村志,52,"傅, 李, 杨, 王, 刁","Fu, Li, Yang, Wang, Diao"
17,单家村村志,n/a,"许, 李, 康, 单, 周","Xu, Li, Kang, Shan, Zhou"
19,树园村志,103,"沈, 顾, 王, 薛, 吴","Shen, Gu, Wang, Xue, Wu"
21,张坊村志,25,"张, 王, 李, 赵, 刘","Zhang, Wang, Li, Zhao, Liu"
22,张家圩子村志,90,"张, 王, 孔, 杨, 刘","Zhang, Wang, Kong, Yang, Liu"
24,楼村志,n/a,"陈, n/a, n/a, n/a, n/a","Chen, n/a, n/a, n/a, n/a"
25,马头村志,62,"宋, 罗, 王, 涂, 李","Song, Luo, Wang, Tu, Li"
26,孟莲村志,89,"张, 李, 黄, 梁, 周","Zhang, Li, Huang, Liang, Zhou"
27,马岭村志,78,"陈, 麦, 林, 周, 黎","Chen, Mai, Lin, Zhou, Li"
28,莲塘村志,8,n/a,n/a
29,刘国忠村志,n/a,"刘, n/a, n/a, n/a, n/a","Liu, n/a, n/a, n/a, n/a"
31,南凤山村志,21,"李, 程, 王, 武, 乔","Li, Cheng, Wang, Wu, Qiao"
33,见守村志,13,"陈, 甄, 贾, 王, 张","Chen, Zhen, Jia, Wang, Zhang"
34,胡家村志,70,"刘, 穆, 王, 朱, 聂","Liu, Mu, Wang, Zhu, Nie"
35,洪塘头村志,7,n/a,n/a
36,周家巷村志,118,"周, 张, 潘, 吴, 王","Zhou, Zhang, Pan, Wu, Wang"
38,梁口村志,5,"郑, n/a, n/a, n/a, n/a","Zheng, n/a, n/a, n/a, n/a"
39,骏马村志,63,n/a,n/a
41,博潭村志,10,"王, 陈, 罗, 姚, 洪","Wang, Chen, Luo, Yao, Hong"
43,草厂村志,105,"张, 何, 田, 任, n/a","Zhang, He, Tian, Ren, n/a"
44,大吕庄村志,86,"王, 刘, 和, 李, 秦","Wang, Liu, He, Li, Qin"
46,方家村志,130,"王, 李, 方, 刘, 史","Wang, Li, Fang, Liu, Shi"
47,冯桥村志,40,"刘, 王, 李, 邱, 毛","Liu, Wang, Li, Qiu, Mao"
49,富强村志,43,"何, 陈, 金, 张, 徐","He, Chen, Jin, Zhang, Xu"
50,音西村志,45,n/a,n/a
52,郭家沟村,75,"郭, 韩, 王, 杨, 刘","Guo, Han, Wang, Yang, Liu"
53,牟家村志,116,"承, 朱, 牟, 吴, 李","Cheng, Zhu, Mou, Wu, Li"
54,西官庄村志,79,"陈, 刘, 王, 臧, 赵","Chen, Liu, Wang, Zang, Zhao"
55,西园村志,26,"陈, 吴, 王, 高, n/a","Chen, Wu, Wang, Gao, n/a"
56,沐陂村志,n/a,"陈, 金, 周, 龚, 王","Chen, Jin, Zhou, Gong, Wang"
59,云水村志,24,"傅, 郭, 李, 王, 孔","Fu, Guo, Li, Wang, Kong"
60,平地村志,78,"黄, 陈, 梁, 李, 叶","Huang, Chen, Liang, Li, Ye"
62,新华村志,20,"徐, 张, 郭, 杨, 邹","Xu, Zhang, Guo, Yang, Zou"
63,盘山村志,9,"彭, 岳, 王, 程, 杨","Peng, Yue, Wang, Cheng, Yang"
65,仙台村村志,118,"陈, 吴, 解, 肖, 胡","Chen, Wu, Xie, Xiao, Hu"
66,四马台村志,17,n/a,n/a
68,五河苗族村志,8,n/a,n/a
70,乌玉村志,64,"刘, 张, 李, 王, 韩","Liu, Zhang, Li, Wang, Han"
71,前夹山村志,89,"张, 王, 金, 刘, 高","Zhang, Wang, Jin, Liu, Gao"
72,浦联村志,101,"虞, 蒋, 来, 汤, 周","Yu, Jiang, Lai, Tang, Zhou"
73,三元朱村志,n/a,"王, 徐, 朱, 张, 陈","Wang, Xu, Zhu, Zhang, Chen"
74,上东廓村志,n/a,"孙, 李, 杨, 邵, 安","Sun, Li, Yang, Shao, An"
76,沁水营村志,31,"张, 郭, 郑, 刘, 冯","Zhang, Guo, Zheng, Liu, Feng"
77,三洋村志,45,"杨, 高, 曹, 于, 方","Yang, Gao, Cao, Yu, Fang"
78,三八里村志,64,"张, 刘, 韩, 徐, 王","Zhang, Liu, Han, Xu, Wang"
80,新店村志,11,n/a,n/a
81,北仪仙村志,98,n/a,n/a
82,北良侯村志,9,"李, 王, 任, 刘, 程","Li, Wang, Ren, liu, Cheng"
83,柏沟村志,35,"陈, 王, 成, 刘, 张","Chen, Wang, Cheng, Liu, Zhang"
85,马鼻方志,10,n/a,n/a
86,石䧱村志,20,"洪, 张, 吴, 章, 程","Hong, Zhang, Wu, Zhang, Cheng"
87,坦头村志,n/a,"汪, 洪, 唐, n/a, n/a","Wang, Hong, Tang, n/a, n/a"
88,传字营村志,137,"张, 王, 刘, 李, 赵","Zhang, Wang, Liu, Li, Zhao"
89,新立村志,144,"刘, 李, 张, 王, 窦","Liu, Li, Zhang, Wang, Dou"
90,高山村志,7,n/a,n/a
91,福保村志,n/a,"李, 张, 徐, 周, 曹","Li, Zhang, Xu, Zhou, Cao"
92,上南村志,n/a,"谭, 韦, 覃, 卢, 莫","Tan, Wei, Tan, Lu, Mo"
93,霍庄子村志,108,"霍, 刘, 张, 李, 石","Huo, Liu, Zhang, Li, Shi"
94,长畛村志,52,n/a,n/a
95,大河村志,65,"李, 孙, 何, 刘, 陈","Li, Sun, He, Liu, Chen"
96,大蒋庄村志,18,"王, 闫, 何, 张, 韩","Wang, Yan, He, Zhang, Han"
97,插旗山村志,85,"宋, 胡, 张, 吕, 陈","Song, Hu, Zhang, Lü, Chen"
98,福德村志,n/a,n/a,n/a
99,银桥村村志,12,"赵, 李, 杨, 苏, n/a","Zhao, Li, Yang, Su, n/a"
100,崖堡村志,12,n/a,n/a
113,东古城村志,13,"许, 张, 李,  赵, 吴","Xu, Zhang, Li, Zhao, Wu"
114,涌泉村志,43,"傅, 梁, 苗, n/a, n/a","Fu, Liang, Miao, n/a, n/a"
115,荷湖村志,25,"傅, 胡, 祝, 徐, 李","Fu, Hu, Zhu, Xu, Li"
116,青峰村志,50,"陈, 张, 邓, 曾, 冯","Chen, Zhang, Deng, Zeng, Feng"
118,百子畈村志,20,"周, 邱, 曹, 何, 李","Zhou, Qiu, Cao, He, Li"
125,长见村志,55,"卓, 李, 王, 陈, n/a","Zhuo, Li, Wang, Chen, n/a"
128,白沙村志,14,"吴, 丁, 周, 郑, 严","Wu, Ding, Zhou, Zheng, Yan"
129,高庙村志,52,"马, 王, 余, 李, 晏","Ma, Wang, Yu, Li, Yan"
130,起台堡村志,30,n/a,n/a
132,毕家上流村志,9,n/a,n/a
133,天穆村志,84,"穆, 李, 张, 刘, 王","Mu, Li, Zhang, Liu, Wang"
134,梁堡村志,9,n/a,n/a
136,丹村志,18,"王, 石, 陈, 谢, 潘","Wang, Shi, Che, Xie, Pan"
137,菖蒲塘村志,17,n/a,n/a
138,东颜村志,13,"冯, 裴, 张, n/a, n/a","Feng, Pei, Zhang, n/a, n/a"
139,魁胆村志(送审稿),4,"王, 龙, 彭, 陆, n/a","Wang, Long, Peng, Lu, n/a"
140,隆里所村志,21,"王, 胡, 杨, 江, 陈","Wang, Hu, Yang, Jiang, Chen"
142,纳家户村志,31,"纳, 马, 王, 丁, 李","Na, Ma, Wang, Ding, Li"
143,防川村志,20,n/a,n/a
144,上庄村志,21,n/a,n/a
145,宝狮村志,111,"陈, 李, 张, 王, 曾","Chen, Li, Zhang, Wang, Zeng"
146,凤凰庙村志,n/a,"杨, 陈, 沈, 祝, n/a","Yang, Chen, Shen, Zhu, n/a"
147,卖花渔村志,10,"洪, n/a, n/a, n/a, n/a","Hong, n/a, n/a, n/a, n/a"
148,西厂圪洞村志,33,n/a,n/a
149,严小村村志,28,"严, 孔, 甘, 彭, 武","Yan, Kong, Gan, Peng, Wu"
150,宝才村志,46,"商, 周, 陈, 徐, n/a","Shang, Zhou, Chen, Xu, n/a"
151,宜安村志,75,"赵, 杜, 刘, 杨, 陈","Zhao, Du, Liu, Yang, Chen"
152,传桂村志,5,"洪, 吴, 刘, 汤, 黄","Hong, Wu, Liu, Tang, Huang"
153,叶坪村志,6,"谢, 钟, 张, 刘, 程","Xie, Zhong, Zhang, Liu, Cheng"
154,马路村志,31,n/a,n/a
158,茅草村志,52,n/a,n/a
159,北山门口村志,32,"桑, 孙, 曹, 贾, 赵","Sang, Sun, Cao, Jia, Zhao"
160,逯家寨志,n/a,"马, 张, 王, 侯, 李","Ma, Zhang, Wang, Hou, Li"
162,丁达村志,30,"龙, 吴, 黄, 欧, n/a","Long, Wu, Huang, Ou, n/a"
164,八卦营村志,34,"刘, 王, 赵, 夏, 马","Liu, Wang, Zhao, Xia, Ma"
166,赤土村志,n/a,"魏, 赵, 张, 李, 刘","Wei, Zhao, Zhang, Li, Liu"
168,杨树林子村志,n/a,"潘, 胡, 王, 程, n/a","Pan, Hu, Wang, Cheng, n/a"
170,鲍家寨村志,22,n/a,n/a
171,青林寺村志,87,"廖, 赵, 李, 刘, 吴","Liao, Zhao, Li, Liu, Wu"
172,定平村志,26,"孙, 刘, 蒲, 李, 白","Sun, Liu, Pu, Li, Bai"
173,果山村志,74,"李, 王, 张, 刘, 陈","Li, Wang, Zhang, Liu, Chen"
174,蔡宅村志,16,"蔡, 吴, 周, 楼, 李","Cai, Wu, Zhou, Lou, Li"
176,汪家塬村志,37,n/a,n/a
177,船房村志,n/a,"张, 陆, 韩, 曹, 李","Zhang, Lu, Han, Cao, Li"
178,双街村志,94,"鲍, 刘, 王, 管, 李","Bao, liu, Wang, Guan, Li"
179,木民村志,30,n/a,n/a
181,弼唐村志,n/a,"庞, 霍, 罗, 梁, 杨","Pang, Huo, Luo, Liang, Yang"
183,旧城村志,22,"刘, 许, 张, 王, 邵","Liu, Xu, Zhang, Wang, Shao"
184,横西村志,76,"刘, 张, 耿, 王, 韩","Liu, Zhang, Geng, Wang, Han"
185,镇海村志,16,"李, 郑, 孔, 吴, 林","Li, Zheng, Kong, Wu, Lin"
187,百泉村志,129,"杨, 邵, 牛, 高, 王","Yang, Shao, Niu, Gao, Wang"
188,调塾村志,19,"梁, 陈, 罗, 徐, n/a","Liang, Chen, Luo, Xu, n/a"
189,苑口村志,80,"吴, 冯, 苏, 王, 靳","Wu, Feng, Su, Wang, Jin"
190,范家店村志,30,n/a,n/a
191,塘尾村志,32,"邓, 林, 刘, n/a, n/a","Deng, Lin, Liu, n/a, n/a"
192,三桥村志,73,n/a,n/a
193,唐美村志,93,"李, 陈, 黄, 谢, n/a","Li, Chen, Huang, Xie, n/a"
194,界首村志,61,"刘, 张, 雷, 陈, 叶","Liu, Zhang, Lei, Chen, Ye"
195,珂里庄志,n/a,"马, 袁, 王, 李, n/a","Ma, Yuan, Wang, Li, n/a"
196,吉镇村志,26,"马, 张, 刘, 冯, n/a","Ma, Zhang, Liu, Feng, n/a"
197,贤友村志,62,"刘, 王, 崔, 宋, 李","Liu, Wang, Cui, Song, Li"
198,徐家河村志,n/a,"徐, 张, 樊, 惠, 米","Xu, Zhang, Fan, Hui, Mi"
199,勤丰村志,136,"蒋, 罗, 邵, 周, 顾","Jiang, Luo, Shao, Zhou, Gu"
200,观音庙村史,20,"陈, 周, 吴, 姜, 金","Chen, Zhou, Wu, jiang, Jin"
201,永联村志,222,"陈, 张, 黄, 王, 陆","Chen, Zhang, Huang, Wang, Lu"
204,者湾村志,18,"高, 李, 杨, 胡, 旃","Gao, Li, Yang, Hu, Zhan"
205,黄土村志,108,"陈, 干, 杨, 雷, 薛","Chen, Gan, Yang, Lei, Xue"
206,上关村志,19,n/a,n/a
211,山邑村志,13,n/a,n/a
212,石坝村志,116,"刘, 张, 杨, 陈, 王","Liu, Zhang, Yang, chen, Wang"
213,群安村志,24,"余, 张, 李, 王, 付","Yu, Zhang, Li, Wang, Fu"
214,云溪村志,189,"李, 杨, 张, 王, 罗","Li, Yang, Zhang, Wang, Luo"
215,龙街村志,112,"毕, 张, 温, 杨, 代","Bi, Zhang, Wen, Yang, Dai"
217,瓦窑村志,143,"刘, 陈, 龙, 贾, 牟","Liu, Chen, Long, Jia, Mou"
218,九星村志,170,"吴, 赵, 阮, 李, 沈","Wu, Zhao, Ruan, Li, Shen"
219,金凤村志,80,"杨, 张, 李, 高, 陆","Yang, Zhang, Li, Gao, Lu"
221,南胜村志,201,"张, 翁, 夏, 王, 蔡","Zhang, Weng, Xia, Wang, Cai"
222,唐家岭村志,11,"孙, 张, 董, n/a, n/a","Sun, Zhang, Dong, n/a, n/a"
223,水闸口村志,73,"李, 刘, 王, 张, 杨","Li, Liu, Wang, Zhang, Yang"
224,柏崖厂村志,44,"李, 孙, 苏, 王, 孟","Li, Sun, Su, Wang, Meng"
225,古城村志,20,n/a,n/a
227,后辛庄村志,21,"王, 张, 贺, 刘, 杨","Wang, Zhang, He, Liu, Yang"
228,环东村志,n/a,"王, 陈, 庄, 宋, 顾","Wang, Chen, Zhuang, Song, Gu"
229,上马坊村志,12,"李, 把, 冯, 葛, 董","Li, Ba, Feng, Ge, Dong"
230,果园村志,101,"陈, 张, 陶, 倪, 朱","Chen, Zhang, Tao, Ni, Zhu"
231,众安村志,82,"王, 张, 夏, 徐, 钟","Wang, Zhang, Xia, Xu, Zhong"
233,棠东村志,55,"潘, 苏, 李, 梁, 钟","Pan, Su, Li, Liang, Zhong"
236,榆林村志,129,"张, 李, 冯, 王, 齐","Zhang, Li, Feng, Wang, Qi"
238,界龙村志,125,"顾, 孙, 王, 周, 吴","Gu, Sun, Wang, Zhou, Wu"
242,横浦村志,100,"沈, 张, 黄, 朱, 蒋","Shen, Zhang, Huang, Zhu, Jiang"
243,南韩继村志,15,"谢, 徐, 孙, 王, 杨","Xie, Xu, Sun, Wang, Yang"
244,盐行村志,83,"李, 陈, 苏, 钱, 张","Li, Chen, Su, Qian, Zhang"
245,上园村志,63,"胡, 黄, 郑, 陈, 周","Hu, Huang, Zheng, Chen, Zhou"
246,卫通村志,133,n/a,n/a
247,亭北村志,126,"顾, 薛, 盛, 陈, 吴","Gu, Xue, Sheng, Chen, Wu"
248,东夏园村志,n/a,"孙, 苏, 杨, n/a, n/a","Sun, Su, Yang, n/a, n/a"
249,北桥村志,107,"乔, 何, 张, 范, 徐","Qiao. He, Zhang, Fan, Xu"
250,慧农村志,115,"沈, 陈, 张, 黄, 胡","Shen, Chen, Zhang, Huang, Hu"
254,亭东村志,111,"吴, 陆, 张, 李, 顾","Wu, Lu, Zhang, Li, Gu"
255,民主村志,131,"陈, 沈, 顾, 孙, 张","Chen, Shen, Gu, Sun, Zhang"
256,黄山店村志,97,"王, 张, 付, 许, 安","Wang, Zhang, Fu, Xu, An"
260,钱桥村志,87,"金, 沈, 姚, 陆, 印","Jin, Shen, Yao, Lu, Yin"
261,寒王村志,114,"李, 王, 张, 赵, 成","Li, Wang, Zhang, Zhao, Cheng"
262,新维村志,45,n/a,n/a
263,东张口村志,34,"张, 刘, 王, 谷, 田","Zhang, Liu, Wang, Gu, Tian"
264,长安村志,32,"林, 郑, 陈, 程, 肖","Lin, Zheng, Chen, Cheng, Xiao"
265,磁山村志,65,n/a,n/a
266,洞阳观村志,24,n/a,n/a
267,晨钟村志,60,"薛, 强, 王, 李, 张","Xue, Qiang, Wang, Li, Zhang"
268,北陈村志,20,"张, 王, 李, 赵, 孙","Zhang, Wang, Li, Zhao, Sun"
270,洞源村志,43,"章, 范, 赵, 杨, 童","Zhang, Fan, Zhao, Yang, Tong"
271,东街村志,90,"李, 雷, 王, 张, 康","Li, Lei, Wang, Zhang, Kang"
272,芙蓉村志,22,"刘, 黄, 罗, 潘, 袁","Liu, Huang, Luo, Pan, Yuan"
274,怀德村志,37,"潘, 曾, 罗, 方, 袁","Pan, Zeng, Luo, Fang, Yuan"
275,高家村志,77,"刘, 王, 赵, n/a, n/a","Liu, Wang, Zhao, n/a, n/a"
276,大潘家村志,74,"潘, 隋, 王, 韩, 于","Pan, Sui, Wang, Han, Yu"
277,东大寨村志,20,"王, 孙, 张, 徐, 姜","Wang, Sun, Zhang, Xu, Jiang"
278,国际村志,109,"胡, 周, 沈, 王, 倪","Hu, Zhou, Shen, Wang, Ni"
279,黑石头村志,10,n/a,n/a
281,碑登村志,75,"刘, 董, 徐, 于, 王","Liu, Dong, Xu, Yu, Wang"
283,固新村志,67,"刘, 高, 崔, 戎, n/a","Liu, Gao, Cui, Rong, n/a"
287,东方村志,103,"张, 吴, 周, 李, 朱","Zhang, Wu, Zhou, Li, Zhu"
288,枫树岗村志,20,"诸, 王, 郑, 李, 刘","Zhu, Wang, Zheng, Li, Liu"
289,百胜村志,n/a,"孙, 池, 高, 陈, 李","Sun, Chi, Gao, Chen, Li"
291,官曲村志,51,"曲, 高, 吕, 李, 张","Qu, Gao, Lü, Li, Zhang"
292,凡村村志,16,"张, 王, 加, 汤, 杨","Zhang, Wang, Jia, Tang, Yang"
293,碟子沟村志,26,n/a,n/a
294,北沙坡村志,45,n/a,n/a
296,大省村志,17,"刘, 张, 窦, 孙, 李","Liu, Zhang, Dou, Sun, Li"
297,册井村志,61,"王, 张, 秦, 李, 赵","Wang, Zhang, Qin, Li, Zhao"
299,衙门村志,n/a,"包, 韩, 吴, 王, 马","Bao, Han, Wu, Wang, Ma"
300,斗门村志,n/a,"栗, 杨, 张, 邵, 吴","Li, Yang, Zhang, Shao, Wu"
301,长山村志,120,"徐, 倪, 陈, 王, 杨","Xu, Ni, Chen, Wang, Yang"
302,南关村志,138,"王, 张, 李, 刘, 单","Wang, Zhang, Li, Liu, Shan"
304,东岐村志,53,"黄, 张, 陈, 江, 林","Huang, Zhang, Chen, Jiang, Lin"
305,港西村志,30,"樊, 曹, 周, 马, 张","Fan, Cao, Zhou, Ma, Zhang"
306,大英村志,n/a,"谢, 贺, 刘, 郭, 余","Xie, He, Liu, Guo, Yu"
307,方家岙村志,85,"欧, 方, 徐, 郑, 陈","Ou, Fang, Xu, Zheng, Chen"
309,开弦弓村志,29,"周, 徐, 倪, 沈, 谈","Zhou, Xu, Ni, Shen, Tan"
310,李家桑园村志,n/a,"李, n/a, n/a, n/a, n/a","Li, n/a, n/a, n/a, n/a"
312,红星村志,39,n/a,n/a
313,刘集村志,106,"刘, 李, 王, 张, 闫","Liu, Li, Wang, Zhang, Yan"
314,凌塘村志,n/a,"陈, 梁, 温, 韦, 李","Chen, Liang, Wen, Wei, Li"
316,黄岗村志,50,n/a,n/a
318,柳林屯村志,11,"杨, 刘, 卢, 王, 孙","Yang, Liu, Lu, Wang, Sun"
321,巨口铺村志,56,"刘, 唐, 黄, 李, 肖","Liu, Tang, Huang, Li, Xiao"
322,后楼村志,22,"林, 杨, 曾, 陈, 谢","Lin, Yang, Zeng, Chen, Xie"
324,大张营村志,1,"张, n/a, n/a, n/a, n/a","Zhang, n/a, n/a, n/a, n/a"
326,江桃村志,101,"洪, 胡, 李, 陈, 厉","Hong, Hu, Li, Chen, Li"
329,后三羊头村志,38,"方, 王, 李, 阎, 孙","Fang, Wang, Li, Yan, Sun"
330,庙东村志,17,n/a,n/a
331,茅岗村志,n/a,"周, 梁, 彭, 赵, 黄","Zhou, Liang, Peng, Zhao, Huang"
332,近江村志,123,"陈, 王, 李, 金, 俞","Chen, Wang, Li, Jin, Yu"
335,吉安城村志,50,"张, 蔺, 李, 杨, 王","Zhang, Lin, Li, Yang, Wang"
337,李巷村志,60,"陆, 陈, 丁, 李, 徐","Lu, Chen, Ding, Li, Xu"
339,旧泉坊村志,22,n/a,n/a
340,建河村志,90,"谢, 俞, 张, 范, 王","Xie, Yu, Zhang, Fan, Wang"
341,旧尉屯村志,74,"高, 姚, 王, 梁, 杨","Gao, Yao, Wang, Liang, Yang"
342,李家沟村志,n/a,"李, 王, 于, 张, n/a","Li, Wang, Yu, Zhang, n/a"
343,梁官村志,63,"安, 邓, 郝, 梁, 赵","An, Deng, Hao, Liang, Zhao"
344,环湖村志,62,"姚, 石, 顾, 王, 徐","Yao, Shi, Gu, Wang, Xu"
346,胡干城村志,11,"胡, 徐, 李, 陈, 张","Hu, Xu, Li, Chen, Zhang"
348,尖山下村志,77,"姜, 杨, 鲍, 邵, 沈","Jiang, Yang, Bao, Shao, Shen"
349,后蚂虹嘴村志,37,n/a,n/a
350,蒋家村志,90,"周, 高, 徐, 张, 王","Zhou, Gao, Xu, Zhang, Wang"
353,西街志,100,"王, 张, 李, 武, 阎","Wang, Zhang, Li, Wu, Yan"
354,花园岗村志,51,"吴, 郑, 曹, 王, 徐","Wu, Zheng, Cao, Wang, Xu"
356,西水头村志,13,"建, n/a, n/a, n/a, n/a","Jian, n/a, n/a, n/a, n/a"
357,义东沟村志,210,"张, 王, 李, 杨, 赵","Zhang, Wang, Li, Yang, Zhao"
358,丰盈村志,12,"张, 陈, 武, 闫, 路","Zhang, Chen, Wu, Yan, Lu"
359,新塘村志,n/a,"简, n/a, n/a, n/a, n/a","Jian, n/a, n/a, n/a, n/a"
361,黄洞村志,17,"曾, 蔡, 郑, 洪, 张","Zeng, Cai, Zheng, Hong, Zhang"
362,元岗村志,n/a,"谭, 梁, 陈, n/a, n/a","Tan, Liang, Chen, n/a, n/a"
363,黄村村志,n/a,"黄, 简, 魏, 温, 何","Huang, Jian, Wei, Wen, He"
364,官井头村志,19,"邹, 曾, 连, 李, 周","Zou, Zeng, Lian, Li, Zhou"
365,珠村村志,n/a,"潘, 钟, 陈, n/a, n/a","Pan, Zhong, Chen, n/a, n/a"
366,分将池村志,38,"刘, 孙, 王, 闫, 任","Liu, Sun, Wang, Yan, Ren"
367,白石厦村志,83,"文, n/a, n/a, n/a, n/a","Wen, n/a, n/a, n/a, n/a"
368,油甘埔村志,84,"张, 李, 刘, 黄, 江","Zhang, Li, Liu, Huang, Jiang"
369,尚介村志,92,"文, n/a, n/a, n/a, n/a","Wen, n/a, n/a, n/a, n/a"
370,关址村志,37,n/a,n/a
371,南程村志,59,"王, 吴, 李, 张, 程","Wang, Wu, Li, Zhang, Cheng"
372,北洼村志,14,"王, 赵, 李, 周, 张","Wang, Zhao, Li. Zhou, Zhang"
373,李袁村志,121,"季, 张, 王, 陈, 胡","Ji, Zhang, Wang, Chen, Hu"
374,李沟头村志,102,"曹, 刘, 石, 张, 顾","Cao, Liu, Shi, Zhang, Gu"
375,三勤村志,154,"王, 徐, 袁, 戴, 周","Wang, Xu, Yuan, Dai, Zhou"
376,林城村志,45,"齐, 张, 李, 姚, 祁","Qi, Zhang, Li, Yao, Qi"
377,横山村志,17,"王, 李, 郑, 田, 梅","Wang, Li, Zheng, Tian, Mei"
379,群丰村志,34,n/a,n/a
380,桥北村志,48,"张, 任, 王, 李, 赵","Zhang, Ren, Wang, Li, Zhao"
381,马家疃村志,118,"王, 马, 张, 李, 刘","Wang, Ma, Zhang, Li, Liu"
383,清河村志,178,n/a,n/a
384,坡底村志,28,"刘, 高, 魏, n/a, n/a","Liu, Gao, Wei, n/a, n/a"
385,七一村志,74,"王, 张, 李, 陈, 杨","Wang, Zhang, Li, Chen, Yang"
386,乔家辿村志,n/a,"乔, 张, 武, n/a, n/a","Qiao, Zhang, Wu, n/a, n/a"
387,南山村志,36,n/a,n/a
388,龙头村志,28,"周, 王, 杨, 刘, n/a","Zhou, Wang, Yang, Liu, n/a"
389,乔李村志,153,"李, 王, 张, 郭, 刘","Li, Wang, Zhang, Guo, Liu"
390,秦霸岭村志,124,"张, 王, 赵, 李, 梁","Zhang, Wang, Zhao, Li, Liang"
391,卢家巷村志,152,"王, 张, 蒋, 卢, 庄","Wang, Zhang, Jiang, Lu, Zhuang"
393,北皋村志,52,"王, 唐, 杨, 李, 古","Wang, Tang, Yang, Li, Gu"
394,庆丰村志,n/a,"苏, 张, n/a, n/a, n/a","Su, Zhang, n/a, n/a, n/a"
395,右营村志,55,n/a,n/a
396,毛俊村志,98,n/a,n/a
398,南崖村志,58,"王, 连, 朱, 刘, 陈","Wang, Lian, Zhu, Liu, Chen"
399,南湾村志,18,"麦, 梁, 钟, 卢, 石","Mai, Liang, Zhong, Lu, Shi"
400,马头溪村志,20,"郑, 欧, 李, 张, 全","Zheng, Ou, Li, Zhang, Quan"
401,南东坊村志,25,"王, 段, 姜, 郭, 孙","Wang, Duan, Jiang, Guo, Sun"
402,商相村志,71,"顾, 吴, 王, 丁, 濮","Gu, Wu, Wang, Ding, Pu"
404,漫水村志,15,"田, 滕, 王, 余, 陈","Tian, Teng, Wang, Yu, Chen"
405,南山村志,10,"刘, 杨, 贾, 原, n/a","Liu, Yang, Jia, Yuan, n/a"
406,李庄村志,68,"谢, 李, 刘, 卓, 陆","Xie, Li, Liu, Zhuo, Lu"
407,聂寨村志,89,"杨, 王, 陈, 聂, 赵","Yang, Wang, Chen, Nie, Zhao"
408,龙门村志,27,"原, 王, 柴, 薛, 郭","Yuan, Wang, Chai, Xue, Guo"
409,桥塘村志,95,"刘, 张, 陈, 陆, 谢","Liu, Zhang, Chen, Lu, Xie"
411,施厚村志,13,n/a,n/a
412,牛头镇村志,14,"马, 王, 张, 李, 闫","Ma, Wang, Zhang, Li, Yan"
413,三寨村志,70,"李, 王, 秦, 韩, 严","Li, Wang, Qin, Han, Yan"
414,南坡湾村志,9,n/a,n/a
417,罗岗村志,n/a,"徐, 蔡, 巫, 林, 刘","Xu, Cai, Wu, Lin, Liu"
418,平羌村志,n/a,"黄, 梁, 何, 凌, 班","Huang, Liang, He, Ling, Ban"
419,南五里堡村志,67,"刘, 赵, 李, 弓, 张","Liu, Zhao, Li, Gong, Zhang"
421,牛宅村志,19,"林, 郑, 王, 杨, 陈","Lin, Zheng, Wang, Yang, Chen"
423,奶东村志,31,"何, 臧, 张, 沈, 李","He, Zang, Zhang, Shen, Li"
424,新集村志,17,"李, 陈, 刘, 惠, 殷","Li, Chen, Liu, Hui, Yin"
425,夏雷村志,122,"袁, 陆, 王, 许, 钱","Yuan, Lu, Wang, Xu, Qian"
428,兴隆村志,16,"曹, 贾, 王, 申, 杨","Cao, Jia, Wang, Shen, Yang"
429,苏卢村志,84,"苏, 卢, 颜, 莫, 黄","Su, Lu, Yan, Mo, Huang"
430,石桥鲁道村志,12,n/a,n/a
431,水师营村志,163,"王, 刘, 张, 李, 韩","Wang, Liu, Zhang, Li, Han"
432,申家村志,n/a,"吴, 康, n/a, n/a, n/a","Wu, Kang, n/a, n/a, n/a"
434,下栅村志,52,"任, 秦, 宋, 杨, 王","Ren, Qin, Song, Yang, Wang"
435,土城子村志,123,"张, 蒋, 王, 刘, 李","Zhang, Jiang, Wang, Liu, Li"
436,兴围村志,25,"陈, 黄, 李, 梁, 何","Chen, Huang, Li, Liang, He"
437,五坝村志,27,"赵, 郑, 陈, 杨, 付","Zhao, Zheng, Chen, Yang, Fu"
438,湾底村志,60,"马, 胡, 陈, 潘, 孙","Ma, Hu, Chen, Pan, Sun"
440,新房村志,188,"李, 仲, 陈, 王, 张","Li, Zhong, Chen, Wang, Zhang"
442,西沟村志,n/a,"乔, 徐, 王, 刘, 苏","Qiao, Xu, Wang, Liu, Su"
444,同心村志,108,"张, 朱, 龚, 李, 王","Zhang, Zhu, Gong, Li, Wang"
445,文岙村志,77,"夏, 沈, 赖, 张, 周","Xia, Shen, Lai, Zhang, Zhou"
446,王寮村志,n/a,"王, 高, 李, 南, 阎","Wang, Gao, Li, Nan, yan"
447,水磨湾村志,43,"王, 马, 胡, 李, 张","Wang, Ma, Hu, Li, Zhang"
448,铜井村志,n/a,"吴, 丁, 徐, 陈, 俞","Wu, Ding, Xu, Chen, Yu"
449,渭二村志,94,"张, 王, 李, 刘, 司","Zhang, Wang, Li, Liu, Si"
450,古城营村志,123,"张, 刘, 阎, 田, 董","Zhang, Liu, Yan, Tian, Dong"
451,万丰村志,n/a,"潘, n/a, n/a, n/a, n/a","Pan, n/a, n/a, n/a, n/a"
452,围头村志,21,"周, 洪, 吴, 蔡, 陈","Zhou, Hong, Wu, Cai, Chen"
453,王道村志,112,"王, 杨, 李, 丁, 刘","Wang, Yang, Li, Ding, Liu"
454,水集二村志,127,"李, 赵, 孙, 吴, 王","Li, Zhao, Sun, Wu, Wang"
455,西关一村志,124,"王, 张, 孙, 李, n/a","Wang, Zhang, Sun, Li, n/a"
456,唐林村志,n/a,"刘, 李, 唐, 张, 董","Liu, Li, Tang, Zhang, Dong"
457,太各庄村志,56,"梁, 赵, 崔, 王, 李","Liang, Zhao, Cui, Wang, Li"
458,鹿窝村志,62,"杨, 刘, 张, 李, 龙","Yang, Liu, Zhang, Li, Long"
459,孙家小庄村志,90,"孙, 李, 赵, 郭, 刘","Sun, Li, Zhao, Guo, Liu"
460,大营村志,65,n/a,n/a
461,马溪村志,4,n/a,n/a
463,小溪村志,55,"田, 李, 黄, 陈, 匡","Tian, Li, Huang, Chen, Kuang"
464,沈岙村志,121,"陈, 朱, 翁, 李, 吴","Chen, Zhu, Weng, Li, Wu"
465,象塘村志,60,n/a,n/a
466,石鼓村志,102,"李, 刘, 廖, 黄, 叶","Li, Liu, Liao, Huang, Ye"
467,中曹村志,17,"曹, 王, 乔, 汤, 李","Cao, Wang, Qiao, Tang, Li"
468,树掌村志,33,"冯, 赵, 李, 秦, 王","Feng, Zhao, Li, Qin, Wang"
470,友爱村志,49,"黄, 罗, 邓, 曹, 刘","Huang, Luo, Deng, Cao, Liu"
471,义安村志,85,"张, 冯, 孙, 宋, 郭","Zhang, Feng, Sun, Song, Guo"
472,堡城村志,118,"王, 陆, 仇, 许, n/a","Wang, Lu, Chou, Xu, n/a"
474,徐马村志,n/a,"徐, 马, 王, 张, 魏","Xu, Ma, Wang, Zhang, Wei"
475,祝甸村志,116,n/a,n/a
476,园中村志,19,"林, 陈, 张, 郑, 许","Lin, Chen, Zhang, Zheng, Xu"
477,鱼山村志,19,"房, 张, 韩, 康, 庞","Fang, Zhang, Han, Kang, Pang"
478,羊家冲村志,n/a,"羊, 李, 刘, 龚, 吴","Yang, Li, Liu, Gong, Wu"
480,新路村志,104,"顾, 查, 张, 陆, 徐","Gu, Cha, Zhang, Lu, Xu"
481,玉岩村志,54,"叶, 杨, 徐, 李, 金","Ye, Yang, Xu, Li, Jin"
482,新建村志,67,"孙, 赵, 陈, 苏, n/a","Sun, Zhao, Chen, Su, n/a"
483,雄龙村志,n/a,"吴, 龙, 廖, 石, 麻","Wu, Long, Liao, Shi, Ma"
485,浔龙村志,40,"陈, 罗, 黄, 谭, 易","Chen, Luo, Huang, Tan, Yi"
487,堡上村志,7,"刘, 郭, 庞, 王, 孙","Liu, Guo, Pang, Wang, Sun"
488,西中黄村志,104,"王, 李, 郭, 刘, 司","Wang, Li, Guo, Liu, Si"
489,杲村村志,25,"宋, 徐, 李, 王, n/a","Song, Xu, Li, Wang, n/a"
490,洋埭村志,n/a,"林, 魏, 李, 蔡, 苏","Lin, Wei, Li, Cai, Su"
492,油坊村志,55,"王, 李, 汪, 张, n/a","Wang, Li, Wang, Zhang, n/a"
493,友好村志,n/a,"李, 王, 刘, 贾, 张","Li, Wang, Liu, Jia, Zhang"
494,枣牌刘村志,8,"范, 张, 栾, n/a, n/a","Fan, Zhang, Luan, n/a, n/a"
496,龙塘村志,71,"吕, 杨, 叶, 刘, 黄","Lü, Yang, Ye, Liu, Huang"
497,新中村志,28,n/a,n/a
498,枣烟村志,16,n/a,n/a
499,走马塘村志,91,"陈, n/a, n/a, n/a, n/a","Chen, n/a, n/a, n/a, n/a"
500,西原村志,55,"程, 吉, 张, 贾, 郭,","Cheng, Ji, Zhang, Jia, Guo"
501,元峰村志,10,张陈方蓝刘,"Zhang, Chen, Fang, Lan, Liu"
502,窑坡村志,20,"石, 王, 白, 梁, n/a","Shi, Wang, Bai, Liang, n/a"
503,张家井村,83,"张, 王, 曾, n/a, n/a","Zhang, Wang, Zeng, n/a, n/a"
504,南关村志,n/a,"马, 阎, 李, 王, 张","Ma, Yan, Li, Wang, Zhang"
505,新塘下村志,n/a,"张, 夏, 王, 陈, 郭","Zhang, Xia, Wang, Chen, Guo"
507,永丰村志,117,"俞, 闻人, 谷, 郑, 陈","Yu, Wenren, Gu, Zheng, Chen"
508,寨子村志,22,"谢, 苏, 王, 梁, 薛","Xie, Su, Wang, Liang, Xue"
509,新堰村志,n/a,"周, 王, 李, 夏, 陆","Zhou, Wang, Li, Xia, Lu"
510,南岗村志,n/a,"周, 袁, 刘, 张, 徐","Zhou, Yuan, Liu, Zhang, Xu"
511,西解甲庄村志,19,"李, 隋, 赵, 张, n/a","Li, Sui, Zhao, Zhang, n/a"
512,薛肇村志,9,"王, 赵, 薛, 晁, 李","Wang, Zhao, Xue, Chao, Li"
513,洋澜村志,26,"祝, 胡, 李, 王, 洪","Zhu, Hu, Li, Wang, Hong"
514,千秋村志,89,"张, 李, 郭, n/a","Zhang, Li, Guo, n/a, n/a"
515,仪张村志,26,"杨, 刘, n/a, n/a, n/a","Yang, Liu, n/a, n/a, n/a"
516,诸葛村志,91,"诸葛, 徐, 邵, 胡, 叶","Zhuge, Xu, Shao, Hu, Ye"
518,渔沙坦村志,17,n/a,n/a
519,清水村志,38,"宋, 谌, 吕, 陈, 罗","Song, Chen, Lü, Chen, Luo"
520,盐厂新村志,123,"王, 于, 刘, 李, 马","Wang, Yu, Liu, Li, Ma"
521,后溪村志,43,"阮, 蔡, 林, 陈, 刘","Ruan, Cai, Lin, Chen, Liu"
522,唐庄村志,18,n/a,n/a
523,新生村志,106,n/a,n/a
524,荷花村志,118,"杨, 邓, 崔, 刘, 王","Yang, Deng, Cui, Liu, Wang"
526,黄瓜山村志,167,"王, 刘, 张, 陈, 唐","Wang, Liu, Zhang, Chen, Tang"
527,关里村志,n/a,"何, 钟, 张, 晏, 王","He, Zhong, Zhang, Yan, Wang"
529,黄家门村志,n/a,"黄, 朱, n/a, n/a, n/a","Huang, Zhu, n/a, n/a, n/a"
531,草陂村志,25,n/a,n/a
532,兰英村志,13,"向, 曾, 姜, 王, 刘","Xiang, Zeng, Jiang, Wang, Liu"
534,黄里村志,46,"丁, 程, 田, 张, 牛","Ding, Cheng, Tian, Zhang, Niu"
535,保冲村志,54,n/a,n/a
536,海河湾村志,n/a,"龚, 郭, 张, 刘, 李","Gong, Guo, Zhang, Liu, Li"
537,鸦鹊水村志,95,"向, 张, 谭, 王, 李","Xiang, Zhang, Tan, Wang, Li"
538,魁胆村志,4,"王, 龙 , 彭, 陆, n/a","Wang, Long, Peng, Lu, n/a"
539,莲花村志,29,"洪, 谈, 严, 龚, 肖","Hong, Tan, Yan, Gong, Xiao"
540,红星村志,131,n/a,n/a
541,建设村志,8,n/a,n/a
542,庙坪村志,n/a,"何, 王, 李, 郑, n/a","He, Wang, Li, Zheng, n/a"
544,新堤村志,n/a,"萧, n/a, n/a, n/a, n/a","Xiao, n/a, n/a, n/a, n/a"
545,刘庄村志,92,"左, 张, 高, 李, 杜","Zuo, Zhang, Gao, Li, Du"
546,王兰庄村志,107,"孙, 李, 郭, 刘, 张","Sun, Li, Guo, Liu, Zhang"
547,临江村志,n/a,"刘, 张, 符, 陈, n/a","Liu, Zhang, Fu, Chen, n/a"
548,城畈村志,50,n/a,n/a
549,柳树垭村志,22,"何, 郑, 金, 张, n/a","He, Zheng, Jin, Zhang, n/a"
551,双湖村志,88,"姜, 李, 杨, 刘, 陈","Jiang, Li, Yang, Liu, Chen"
552,二龙村志,n/a,"郭, 高, 李, 王, 林","Guo, Gao, Li, Wang, Lin"
553,旧居村志,98,"陈, 杨, 唐, 傅, 刘","Chen, Yang, Tang, Fu, Liu"
556,郑村志,92,"郑, 汪, 吴, 张, 胡","Zheng, Wang, Wu, Zhang, Hu"
558,稠泉村志,49,"杨, 成, 傅, 潘, 彭","Yang, Cheng, Fu, Pan, Peng"
559,朱家港村志,83,"程, 沈, 张, 郭, 杨","Cheng, Shen, Zhang, Guo, Yang"
562,北陶村志,44,"陶, 宋, 赵, n/a, n/a","Tao, Song, Zhao, n/a, n/a"
563,中桥村志,172,"李, 王, 刘, 张, 周","Li, Wang, Liu, Zhang, Zhou"
564,菜园头村志,44,"熊, 周, 许, 卫, 胡","Xiong, Zhou, Xu, Wei, Hu"
565,凌庄子村志,150,"赵, 刘, 张, 王, 李","Zhao, Liu, Zhang, Wang, Li"
567,虎牙滩村志,124,"王, 胡, 刘, 杨, 陈","Wang, Hu, Liu, Yang, Chen"
568,土艳村志,25,"王, 蒙, 曾, 冼, 郑","Wang, Meng, Zeng, Xian, Zheng"
569,方村志,13,"方, 余, 吴, 凌, 庄","Fang, Yu, Wu, Ling, Zhuang"
570,拱市村志,n/a,"荣, 唐, 邓, 李, 杨","Rong, Tang, Deng, Li, Yang"
571,护城村志,155,"王, 张, 罗, 汤, 陈","Wang, Zhang, Luo, Tang, Chen"
572,冯村志,24,"冯, 汪, 曹, 黄, 吕","Feng, Wang, Cao, Huang, Lü"
575,邢泉村志,38,"王, 刘, 张, 成, 李","Wang, Liu, Zhang, Cheng, Li"
577,青羊岗土家族村志,112,"周, n/a, n/a, n/a, n/a","Zhou, n/a, n/a, n/a, n/a"
578,三山村志,11,"吴, 袁, 李, 黄, 王","Wu, Yuan, Li, Huang, Wang"
580,西南庄村志,101,"郭, 张, 王, n/a, n/a","Guo, Zhang, Wang, n/a, n/a"
581,瓦子坪村志,14,"戴, 邬, 吴, 胡, 杨","Dai, Wu, Wu, Hu, Yang"
582,岔河村志,57,n/a,n/a
583,三里亭村志,11,"刘, 谷, 袁, 徐, 郭","Liu, Gu, Yuan, Xu, Guo"
584,唐家坪村志,n/a,"王, 何, 李, 米, 彭","Wang, He, Li, Mi, Peng"
585,船石村志,n/a,"雷, n/a, n/a, n/a, n/a","Lei, n/a, n/a, n/a, n/a"
589,锁口村志,19,"喻, 郑, 张, 吴, 李","Yu, Zheng, Zhang, Wu, Li"
590,惠农村志,32,"喻, 朱, 饶, 陈, 李","Yu, Zhu, Rao, Chen, Li"
592,大坝村志,n/a,"李, 杨, 张, 王, 金","Li, Yang, Zhang, Wang, Jin"
593,大波那村志,23,"李, 赵, 杨, 张, 段","Li, Zhao, Yang, Zhang, Duan"
597,万沟村志,n/a,"文, 章, 石, 张, n/a","Wen, Zhang, Shi, Zhang, n/a"
598,四合村志,65,"李, 田, 王, 蔡, 罗","Li, Tian, Wang, Cai, Luo"
599,石河村志,n/a,"周,  樊, 严, 陈, n/a","Zhou, Fan, Yan, Chen, n/a"
600,乌木村村志,n/a,"廖, 韩, 刘, 李, 夏","Liao, Han, Liu, Li, Xia"
603,竹山湾村志,8,"谢, 廖, 柏, 苏, 赖","Xie, Liao, Bai, Su, Lai"
604,石下村村志,20,n/a,n/a
605,八角村志,39,"朱, 陈, 刘, 王, 丁","Zhu, Chen, Liu, Wang, Ding"
606,北阁村志,108,"孙, 于, 李, 王, 苏","Sun, Yu, Li, Wang, Su"
608,大王村志,82,"王, 孙, 李, 刘, 张","Wang, Sun, Li, Liu, Zhang"
609,长浜村志,114,"沈, 王, 陆, 陈, 朱","Shen, Wang, Lu, Chen, Zhu"
610,大茫村志,106,"张, 徐, 沈, 李, 姚","Zhang, Xu, Shen, Li, Yao"
611,沉香村志,52,"樊, 胡, 许, 张, 王","Fan, Hu, Xu, Zhang, Wang"
612,东华村志,139,"伍, 欧, 叶, 杨, 顾","Wu, Ou, Ye, Yang, Gu"
613,大星村志,113,"张, 顾, 凌, 奚, 杨","Zhang, Gu, Ling, Xi, Yang"
614,成日村志,106,"杨, 姚, 张, 金, 吴","Yang, Yao, Zhang, Jin, Wu"
615,谙正村志,40,"贾, 王, 任, 张, 刘","Jia, Wang, Ren, Zhang, Liu"
616,安家皂村志,35,"睢, 马, 李, 郝, 阎","Sui, Ma, Li, Hao, Yan"
617,安昌村志,107,"刘, 宋, 高, 王, 李","Liu, Song, Gao, Wang, Li"
618,崔堡村志,123,"王, 殷, 张, 陈, 杨","Wang, Yin, Zhang, Chen, Yang"
619,仓场村志,111,"赵, 陈, 严, 张, 沈","Zhao, Chen, Yan, Zhang, Shen"
620,程墩村志,60,"张, 朱, 黄, 殷, 陈","Zhang, Zhu, Huang, Yin, Chen"
621,仁里村志,30,"程, n/a, n/a, n/a, n/a","Cheng, n/a, n/a, n/a, n/a"
622,下岗村志,63,"谷, 宋, 周, 刘, 李","Gu, Song, Zhou, Liu, Li"
623,北车营村志,25,"王, 刘, 李, 陈, 杨","Wang, Liu, Li, Chen, Yang"
624,獐岛村志,64,"郭, 张, 杨, 王,n/a","Guo, Zhang, Yang, Wang, n/a"
625,邓一村志,27,"孙, 张, 石, 马, 邬","Sun, Zhang, Shi, Ma, Wu"
626,竹元村志,88,"邓, 黄, 彭, 陈, 杨","Deng, Huang, Peng, Chen, Yang"
627,长春村志,30,"顾, 陆, 唐, 王, 张","Gu, Lu, Tang, Wang, Zhang"
629,磅石村志,51,"王, 孙, 李, 黄, 高","Wang, Sun, Li, Huang, Gao"
631,溪尾村志,10,"颜, 张, 王, 柯, 陈","Yan, Zhang, Wang, Ke, Chen"
632,八里湾村志,31,"屈, 张, 王, n/a, n/a","Qu, Zhang, Wang, n/a, n/a"
633,陈胡村志,108,"邵, 陈, 毛, 胡, 张","Shao, Chen, Mao, Hu, Zhang"
634,上薛村志,11,"薛, 林, 周, 李, 石","Xue, Lin, Zhou, Li, Shi"
635,党家村志,17,"党, 贾, n/a, n/a, n/a","Dang, Jia, n/a, n/a, n/a"
637,镇丰村志,109,"王, 侯, 张, n/a, n/a","Wang, Hou, Zhang, n/a, n/a"
638,港中村志,27,"冯, 王, 刘, 李, 石","Feng, Wang, Liu, Li, Shi"
640,榜山村志,n/a,"卢, 陈, 俞, 吴, 范","Lu, Chen, Yu, Wu, Fan"
641,保卫村志,80,n/a,n/a
642,后黄村志,n/a,"许, 黄, n/a, n/a, n/a","Xu, Huang, n/a, n/a, n/a"
643,北金召村志,24,"王, 边, 常, 齐, 申","Wang, Bian, Chang, Qi, Shen"
644,度城村志,79,"朱, 顾, 郭, 吴, 张","Zhu, Gu, Guo, Wu, Zhang"
645,洞山村志,115,"李, 杨, 张, 钏, 董","Li, Yang, Zhang, Chuan, Dong"
647,可邑彝族村志,14,n/a,n/a
650,云溪永丰村志,n/a,"李, 杨, 张, 王, 罗","Li, Yang, Zhang, Wang, Luo"
651,周家村志,n/a,"李, 杨, 张, 金, 邵","Li, Yang, Zhang, Jin, Shao"
653,高镇村志,87,n/a,n/a
654,官林村志,207,n/a,n/a
655,海星村志,136,"张, 章, 王, 周, 陈","Zhang, Zhang, Wang, Zhou, Chen"
656,北关村志,41,"王, 李, 徐, 张, 焦","Wang, Li, Xu, Zhang, Jiao"
658,义路村志,145,"李, 施, 杨, 何, 张","Li, Shi, Yang, He, Zhang"
659,邑等村志,51,"杨, 张, 罗, 王, 谢","Yang, Zhang, Luo, Wang, Xie"
660,羊甫村志,170,"李, 尚, 杨, 王, 张","Li, Shang, Yang, Wang, Zhang"
662,东瓜地村志,70,"石, 王, 李, 赵, 刘","Shi, Wang, Li, Zhao, Liu"
663,边院村志,82,"王, 陈, 翟, 刘, 冯","Wang, Chen, Zhai, Liu, Feng"
664,北安河村志,n/a,"赵, 闵, 郝, 张, 管","Zhao, Min, Hao, Zhang, Guan"
665,佰王刘村志,9,"吴, 李, 侯, 赵, 杨","Wu, Li, Hou, Zhao, Yang"
667,白文村志,70,"李, 刘, 张, 高, 秦","Li, Liu, Zhang, Gao, Qin"
668,八仙庄村志,n/a,"刘, n/a, n/a, n/a, n/a","Liu, n/a, n/a, n/a, n/a"
669,西塘坨村志,27,n/a,n/a
670,北程庄村志,n/a,"程, 王, 张, 耿, n/a","Cheng, Wang, Zhang, Geng, n/a"
671,顾家村志,127,"顾, 王, 张, 佟, 刘","Gu, Wang, Zhang, Tong, Liu"
672,小南村志,168,"王, 张, 刘, 李, 徐","Wang, Zhang, Liu, Li, Xu"
673,茶丰峡村志,21,"邓, 陈, 谭, 林, 万","Deng, Chen, Tan, Lin, Wan"
674,歌山村志,n/a,"郭, 吴, 厉, 傅, 潘","Guo, Wu, Li, Fu, Pan"
675,大京村志,50,n/a,n/a
677,北关村志,12,"王, 赵, 姜, 张, 靳","Wang, Zhao, Jiang, Zhang, Jin"
679,西王曲村志,36,"梁, 黄, 郎, n/a, n/a","Liang, Huang, Lang, n/a, n/a"
680,城北村志,79,"王, 张, 李, 赵, 郭","Wang, Zhang, Li, Zhao, Guo"
681,白盆窑村志,453,n/a,n/a
682,白和村志,30,"孙, 梁, 李, 成, 武","Sun, Liang, Li, Cheng, Wu"
684,杜山村志,49,"杜, 吴, 余, 詹, 程","Du, Wu, Yu, Zhan, Cheng"
685,花胡庄村志,38,"刘, 张, 康, 孙, 陈","Liu, Zhang, Kang, Sun, Chen"
686,小蒲水村志,22,"李, 杨, 刘, 冯, n/a","Li, Yang, Liu, Feng, n/a"
688,孤山村志,25,n/a,n/a
689,北冯村志,n/a,"王, 刘, 曹, n/a, n/a","Wang, Liu, Cao, n/a, n/a"
690,巴洲村志,76,"李, 光, 高, 宫, 张","Li, Guang, Gao, Gong, Zhang"
691,东马各庄村志,20,n/a,n/a
692,八间房村志,29,"陈, 张, 王, 徐, 马","Chen, Zhang, Wang, Xu, Ma"
693,北万山村志,22,"丁, 于, 李, 路, 张","Ding, Yu, Li, Lu, Zhang"
694,东岭村志,87,"李, 方, 韩, 罗, 张","Li, Fang, Han, Luo, Zhang"
695,东石村志,n/a,"张, 王, 赵, 周, 卢","Zhang, Wang, Zhao, Zhou, Lu"
696,北堆村志,79,"李, 靳, 牛, 赵, 杨","Li, Jin, Niu, Zhao, Yang"
697,白庙村志,30,n/a,n/a
698,涧东村志,53,"张, 李, 邢, 孙, 王","Zhang, Li, Xing, Sun, Wang"
699,罗口村志,n/a,"康, 阎, 翟, 王, 李","Kang, Yan, Zhai, Wang, Li"
700,古城村志,101,"陈, 王, 吴, 汪, 杨","Chen, Wang, Wu, Wang, Yang"
701,汤泉村志,37,n/a,n/a
702,半峪村志,20,"胡, 张, 段, 牛, n/a","Hu, Zhang, Duan, Niu, n/a"
703,东庄村志,131,"华, 崔, 张, 李, 杨","Hua, Cui, Zhang, Li, Yang"
704,贾岗村志,20,"朱, 邢, 王, 刘, 李","Zhu, Xing, Wang, Liu, Li"
705,曹家馆村志,19,"杨, 尹, 于, 王, 张","Yang, Yin, Yu, Wang, Zhang"
706,北龙口村志,83,"胡, 王, 刘, 张, 姜","Hu, Wang, Liu, Zhang, Jiang"
708,观山村志,144,"吴, 张, 顾, 高, 陈","Wu, Zhang, Gu, Gao, Chen"
709,工农村志,120,"沈, 施, 万, 朱, 王","Shen, Shi, Wan, Zhu, Wang"
710,国庆村志,94,"柳, 陈, 缪, 周, 金","Liu, Chen, Miao, Zhou, Jin"
712,北庄村志,11,"曲, 周, 赵, 李, 王","Qu, Zhou, Zhao, Li, Wang"
713,东二旗村志,n/a,"张, n/a, n/a, n/a, n/a","Zhang, n/a, n/a, n/a, n/a"
715,北甸东村志,90,"赵, 徐, 吴, 杨, n/a","Zhao, Xu, Wu, Yang, n/a"
716,[Bing]洲村志,n/a,"王, n/a, n/a, n/a, n/a","Wang, n/a, n/a, n/a, n/a"
718,塘溪村志,8,"陈, 李, 吴, 邱, 杨","Chen, Li, Wu, Qiu, Yang"
719,蓝田村志,12,n/a,n/a
720,段家寨村志,n/a,"段, n/a, n/a, n/a, n/a","Duan, n/a, n/a, n/a, n/a"
722,安仁村志,108,"陈, 潘, 董, 汪, 杨","Chen, Pan, Dong, Wang, Yang"
723,查王村志,24,"车, 高, 李, 宗, 牛","Che, Gao, Li, Zong, Niu"
724,燃灯寺村志,70,"冯, 刘, 郑, 尹, 叶","Feng, Liu, Zheng, Yin, Ye"
725,长岭村志,32,"刘, 林, 于, 姜, 张","Liu, Lin, Yu, Jiang, Zhang"
726,草山岭村志,52,n/a,n/a
728,安家庄村志,17,"柏, 樊, 孙, 刘, 陈","Bai, Fan, Sun, Liu, Chen"
729,人民村志,119,"张, 董, 刘, 王, 唐","Zhang, Dong, Liu, Wang, Tang"
730,五龙村志,96,"沈, 张, 蒋, 陆, 顾","Shen, Zhang, Jiang, Lu, Gu"
731,中角村志,n/a,"郝, n/a, n/a, n/a, n/a, n/a","Hao, n/a, n/a, n/a, n/a, n/a"
733,森林村志,96,"凌, 陶, 杨, 唐, 张","Ling, Tao, Yang, Tang, Zhang"
734,白河村志,10,n/a,n/a
735,凤凰村志,77,"徐, 赵, 张, 陆, 朱","Xu, Zhao, Zhang, Lu, Zhu"
736,北邵洼村志,80,"李, 吴, 郑, 张, 王","Li, Wu, Zheng, Zhang, Wang"
737,城一村志,141,"王, 张, 李, 刘, 高","Wang, Zhang, Li, Liu, Gao"
738,北关村志,59,"张, 李, 那, 马, 郭","Zhang, Li, Na, Ma, Guo"
739,红星村志,105,"张, 黄, 陈, 吴, 朱","Zhang, Huang, Chen, Wu, Zhu"
741,北方平村志,24,"原, 袁, 张, 蔡, 薛","Yuan, Yuan, Zhang, Cai, Xue"
742,文义村志,16,"张, 马, 宋, 党, 李","Zhang, Ma, Song, Dang, Li"
743,北齐村志,90,"任, 刘, 郭, 张, 李","Ren, Liu, Guo, Zhang, Li"
745,韩圩村志,34,"陈, 武, 王, 梁, 朱","Chen, Wu, Wang, Liang, Zhu"
747,北桑鲁村志,54,"樊, 刘, 王, 江, 董","Fan, Liu, Wang, Jiang, Dong"
748,三八村志,110,"金, 顾, n/a, n/a, n/a","Jin, Gu, n/a, n/a, n/a"
749,梨花村志,84,"马, 杨, 李, 赵, n/a","Ma, Yang, Li, Zhao, n/a"
750,金鸭村志,n/a,"杨, 张, 龙, 邱, 刘","Yang, Zhang, Long, Qiu, Liu"
751,江东村志,n/a,"黄, 杨, 陈, 张, n/a","Huang, Yang, Chen, Zhang, n/a"
753,黄柳村志,n/a,"胡, 易, 温, 郑, 徐","Hu, Yi, Wen, Zheng, Xu"
754,乐乌村志,45,n/a,n/a
755,六甲村志,n/a,"陈, 杨, 张, 鲁, 李","Chen, Yang, Zhang, Lu, Li"
757,井溢村志,n/a,"张, 习, 任, 马, 王","Zhang, Xi, Ren, Ma, Wang"
758,王梁村志,21,"柳, 冯, 韩, 王, 郝","Liu, Feng, Han, Wang, Hao"
759,王家村志,84,"王, 何, 张, 赵, n/a","Wang, He, Zhang, Zhao, n/a"
760,梁家河村志,150,"梁, 王, 李, 杨, 张","Liang, Wang, Li, Yang, Zhang"
761,姚家弄村志,66,n/a,n/a
762,新巷村志,120,"孙, 陈, 冷, 张, 王","Sun, Chen, Leng, Zhang, Wang"
763,新卫村志,122,"张, 王, 俞, 顾, 潘","Zhang, Wang, Yu, Gu, Pan"
764,小圩村志,91,"张, 陈, 周, 陆, 顾","Zhang, Chen, Zhou, Lu, Gu"
765,贺北村志,241,"王, 贺, 张, 周, 蒋","Wang, He, Zhang, Zhou, Jiang"
766,横沟村志,144,"顾, 莫, 金, 汤, 刘","Gu, Mo, Jin, Tang, Liu"
767,群楼村志,98,"陈, 孟, 郭, 朱, 匡","Chen, Meng, Guo, Zhu, Kuang"
768,温河村志,133,"朱, 张, 陈, 胡, 陆","Zhu, Zhang, Chen, Hu, Lu"
769,桑园村志,102,"张, 朱, 吴, 徐, 沈","Zhang, Zhu, Wu, Xu, Shen"
770,长命水村志,77,"廖, 邱, 陈, 李, 张","Liao, Qiu, Chen, Li, Zhang"
771,长湴村志,n/a,"梁, 招, 陈, n/a, n/a","Liang, Zhao, Chen, n/a, n/a"
772,新塘村志,111,"张, 王, 朱, 杨, 钟","Zhang, Wang, Zhu, Yang, Zhong"
774,北年丰村志,110,"王, 穆, 李, 刘, 赵","Wang, Mu, Li, Liu, Zhao"
775,崔各庄村志,n/a,"张, n/a, n/a, n/a, n/a","Zhang, n/a, n/a, n/a, n/a"
776,城西吕家村志,16,"郭, 刘, 路, 邵, n/a","Guo, Liu, Lu, Shao, n/a"
777,城里村志,86,n/a,n/a
779,岑村村志,n/a,"黄, 罗, 陈, 刘, 苏","Huang, Luo, Chen, Liu, Su"
780,北谷丰村志,98,"李, 张, 范, 王, 杨","Li, Zhang, Fan, Wang, Yang"
781,曹口村志,8,"曹, n/a, n/a, n/a, n/a","Cao, n/a, n/a, n/a, n/a"
782,车家下庄村志,71,"车, 王, 刘, 李, 曲","Che, Wang, Liu, Li, Qu"
783,城北村志,n/a,"李, n/a, n/a, n/a, n/a","Li, n/a, n/a, n/a, n/a"
784,车陂村志,53,n/a,n/a
785,北坡村志,9,"毋, 王, 郜, 靳, 赵","Wu, Wang, Gao, Jin, Zhao"
786,双生村志,63,"陈, 李, 龚, 张, 鄢","Chen, Li, Gong, Zhang, Yan"
787,路口村志,12,"陈, 吕, 徐, 黄, 苏","Chen, Lü, Xu, Huang, Su"
788,茶塘村志,n/a,"汤, 钟, n/a, n/a, n/a","Tang, Zhong, n/a, n/a, n/a"
789,东埔村志,10,"郑, 谢, 刘, 章, 李","Zheng, Xie, Liu, Zhang, Li"
790,新盛村志,110,"厉, 凌, 王, 陆, 周","Li, Ling, Wang, Lu, Zhou"
791,鞍山村志,111,"郑, 王, 陈, 赵, 孙","Zheng, Wang, Chen, Zhao, Sun"
792,北固碾村志,50,"殷, 潘, 孙, 郭, 胡","Yin, Pan, Sun, Guo, Hu"
794,北马房村志,40,n/a,n/a
795,西小营村志,n/a,"李, 张, n/a, n/a, n/a","Li, Zhang, n/a, n/a, n/a"
796,西贺家石村志,n/a,"贺, 刘, n/a, n/a, n/a","He, Liu, n/a, n/a, n/a"
797,东小景村志,8,"武, 宋, 李, n/a, n/a","Wu, Song, Li, n/a, n/a"
799,门头村志,24,n/a,n/a
800,水朗村志,n/a,"黎, 袁, 叶, 陈, n/a","Li, Yuan, Ye, Chen, n/a"
801,星光村志,58,"张, 顾, 严, 徐, 叶","Zhang, Gu, Yan, Xu, Ye"
802,北平村志,79,"张, 王, 李, 党, 刘","Zhang, Wang, Li, Dang, Liu"
803,北七家庄村志,n/a,"吕, 王, 赵, n/a, n/a","Lü, Wang, Zhao, n/a, n/a"
804,北岭头村志,56,"崔, n/a, n/a, n/a, n/a","Cui, n/a, n/a, n/a, n/a"
805,北台上村志,n/a,"孟, n/a, n/a, n/a, n/a","Meng, n/a, n/a, n/a, n/a"
807,水库村志,87,n/a,n/a
809,沙坪寺村志,n/a,"贺, n/a, n/a, n/a, n/a","He, n/a, n/a, n/a, n/a"
810,讲武殿村志,16,n/a,n/a
813,八方村志,n/a,"韩, 高, 温, 张, 安","Han, Gao, Wen, Zhang, An"
814,鳌头村志,61,"张, 冯, 郭, 马, 李","Zhang, Feng, Guo, Ma, Li"
815,龙泉村志,50,"李, 杨, 赵, 段, 张","Li, Yang, Zhao, Duan, Zhang"
816,土堆村志,18,n/a,n/a
818,东营村志,47,"张, 周, 赵, 杨, 王","Zhang, Zhou, Zhao, Yang, Wang"
819,北胡庄村志,69,"张, 冯, 封, 靳, 徐","Zhang, Feng, Feng, Jin, Xu"
820,白洋村志,106,"朱, 沈, 赵, 王, 张","Zhu, Shen, Zhao, Wang, Zhang"
821,慈峪村志,49,n/a,n/a
822,东白仓村志,20,"申, 谷, 朱, 武, 吴","Shen, Gu, Zhu, Wu, Wu"
823,福永村志,44,"陈, 梁, 庄, n/a, n/a","Chen, Liang, Zhuang, n/a, n/a"
824,东八村村志,16,n/a,n/a
825,东升村志,53,"温, 曾, 罗, 潘, 杨","Wen, Zeng, Luo, Pan, Yang"
826,东皇墓村志,27,n/a,n/a
827,营前村志,23,"褚, 王, 陈, 郎, 童","Chu, Wang, Chen, Lang, Tong"
828,大谈村志,23,"郑, 陈, 赵, 杜, 梁","Zheng, Chen, Zhao, Du, Liang"
831,沿南村志,38,n/a,n/a
832,白坟村志,11,"张, 郭, 王, 崔, 刘","Zhang, Guo, Wang, Cui, Liu"
833,营房村志,104,n/a,n/a
834,张桥村志,126,"沈, 陆, 吴, 何, n/a","Shen, Lu, Wu, He, n/a"
835,岸上村志,5,"郭, 张, 刘, 陈, 邵","Guo, Zhang, Liu, Chen, Shao"
836,枫深村志,16,n/a,n/a
839,赤水垟志,41,"钱, 陈, 黄, 李, 张","Qian, Chen, Huang, Li, Zhang"
840,侨乡村志,11,"潘, 刘, 温, 谢, 黄","Pan, Liu, Wen, Xie, Huang"
842,美林村志,27,"林, 郭, 潘, 苏, 李","Lin, Guo, Pan, Su, Li"
843,蔡和村志,66,"罗, 郑, 肖, 黄, 巫","Luo, Zheng, Xiao, Huang, Wu"
845,峒峪村志,11,n/a,n/a
847,牛薛沟村志,19,"吴, 贾, 邢, 陆, 曹","Wu, Jia, Xing, Lu, Cao"
848,邓村村志,12,"徐, 康, 陈, 韩, 马","Xu, Kang, Chen, Han, Ma"
849,碧龙村志,10,n/a,n/a
850,永联村志,125,"王, 周, 沈, 陈, 俞","Wang, Zhou, Shen, Chen, Yu"
851,北焦村志,17,"刘, 李, 张, 王, 陈","Liu, Li, Zhang, Wang, Chen"
852,北海山村志,22,n/a,n/a
853,坂田村志,29,"唐, 俞, 龚, n/a, n/a","Tang, Yu, Gong, n/a, n/a"
857,下邽志村志,12,n/a,n/a
860,二十里铺村志,n/a,"朱, 李, 曹, 赵, n/a","Zhu, Li, Cao, Zhao, n/a"
861,东山村志,56,"邬, 王, 张, 刘, 蒋","Wu, Wang, Zhang, Liu, Jiang"
862,王官屯村志,17,n/a,n/a
863,戴湾村志,32,n/a,n/a
864,柳子圪旦村志,92,"李, 王, 高, 刘, 边","Li, Wang, Gao, Liu, Bian"
865,理家庄村志,23,"王, 武, 石, 翟, 肖","Wang, Wu, Shi, Zhai, Xiao"
866,小车村志,97,"张, 李, 孙, 臧, 黄","Zhang, Li, Sun, Zang, Huang"
867,同阁村志,17,"杜, 葛, 马, 姚, 刘","Du, Ge, Ma, Yao, Liu"
868,上柳源村志,41,杨刘王叶李,"Yang, Liu, Wang, Ye, Li"
869,库城村志,35,"乔, 赵, 郭, 王, 张","Qiao, Zhao, Guo, Wang, Zhang"
871,堆谷山村志,25,"蔡, 严, 汪, 王, 汤","Cai, Yan, Wang, Wang, Tang"
872,三房巷村志,216,"赵, 李, 卞, 缪, 徐","Zhao, Li, Bian, Miao, Xu"
873,余川村志,15,n/a,n/a
874,大打白狐村志,109,n/a,n/a
875,海口里仁村志,159,"马, 杨, 李, 张, 王","Ma, Yang, Li, Zhang, Wang"
876,永清村志,99,"李, 赵, 张, 王, 寇","Li, Zhao, Zhang, Wang, Kou"
878,姜湾村志,65,"彭, 陈, 徐, 秦, n/a","Peng, Chen, Xu, Qin, n/a"
879,恬庄村志,140,"王, 陈, 李, 钱, 徐","Wang, Chen, Li, Qian, Xu"
881,后山村志,15,"黄, 潘, 王, 包, 尹","Huang, Pan, Wang, Bao, Yin"
882,桃子溪村志,39,"张, 李, 廖, 揭, 雷","Zhang, Li, Liao, Jie, Lei"
883,栗子坪村志,70,"王, 何, 冯, 陈, 周","Wang, He, Feng, Chen, Zhou"
884,栗林河村志,75,"陈, 杨, 李, 唐, 范","Chen, Yang, Li, Tang, Fan"
885,歙县三阳村志,52,"洪, n/a, n/a, n/a, n/a","Hong, n/a, n/a, n/a, n/a"
886,大峡谷村志,36,n/a,n/a
887,胡家坟村志,107,"胡, 陈, 徐, 张, 王","Hu, Chen, Xu, Zhang, Wang"
888,云家码头村志,n/a,"云, n/a, n/a, n/a, n/a","Yun, n/a, n/a, n/a, n/a"
889,杓袁村志,24,n/a,n/a
890,西河村志,20,"孙, 刘, n/a, n/a, n/a","Sun, Liu, n/a, n/a, n/a"
891,昝村志,46,"李, 晋, 张, 朱, 陈","Li, Jin, Zhang, Zhu, Chen"
892,良陌村志,22,"戴, 张, 王, 郭, 李","Dai, Zhang, Wang, Guo, Li"
893,东桃村志,115,"杨, 沈, 董, 陈, 王","Yang, Shen, Dong, Chen, Wang"
894,小㘵村志,5,"江, 缪, 黄, 吕, 马","Jiang, Miao, Huang, Lü, Ma"
896,西九水村志,84,"刘, 王, 张, 李, 宋","Liu, Wang, Zhang, Li, Song"
898,大白登村志,49,n/a,n/a
899,放羊坪村志,57,"刘, 蒋, 陈, 余, 蔡","Liu, Jiang, Chen, Yu, Cai"
900,欧桥村志,156,"张, 陈, 徐, 王, 陆","Zhang, Chen, Xu, Wang, Lu"
902,陈家墕村志,n/a,"陈, n/a, n/a, n/a, n/a","Chen, n/a, n/a, n/a, n/a"
903,木头峪村志,10,"张, 苗, 曹, n/a, n/a","Zhang, Miao, Cao, n/a, n/a"
905,西上庄村志,15,"李, 王, 于, 徐, 扈","Li, Wang, Yu, Xu, Hu"
906,龙泉村志,123,"陈, 盛, 李, 庄, 沈","Chen, Sheng, Li, Zhuang, Shen"
909,西水磨村志,7,"宋, 张, 王, 庆, 李","Song, Zhang, Wang, Qing, Li"
910,江浦村志,46,"李, 王, 高, 范, 刘","Li, Wang, Gao, Fan, Liu"
911,张家塔村志,n/a,"张, n/a, n/a, n/a, n/a","Zhang, n/a, n/a, n/a, n/a"
912,渡桥村志,163,"吴, 陈, 张, 周, 王","Wu, Chen, Zhang, Zhou, Wang"
913,西台村志,58,"李, 王, 江, 刘, 张","Li, Wang, Jiang, Liu, Zhang"
914,吴兴村志,138,"于, 张, 王, 赵, 李","Yu, Zhang, Wang, Zhao, Li"
915,桃王庄村志,51,"陈, 董, 王, 李, 许","Chen, Dong, Wang, Li, Xu"
917,安乐村志,44,n/a,n/a
919,劳动村志,106,"王, 李, 郁, 丁, 徐","Wang, Li, Yu, Ding, Xu"
920,和平村志,122,n/a,n/a
921,桂南村志,98,"古, 毛, 张, 李, 陈","Gu, Mao, Zhang, Li, Chen"
922,建农村志,38,"陈, 沈, 胡, 孙, 王","Chen, Shen, Hu, Sun, Wang"
923,王安堡村志,17,n/a,n/a
925,上官村志,50,"张, 李, n/a, n/a, n/a","Zhang, Li, n/a, n/a, n/a"
926,东六合村志,20,n/a,n/a
927,光明村志,113,"张, 阮, 李, 潘, 胡","Zhang, Ruan, Li, Pan, Hu"
928,甲岸村志,55,"黄, n/a, n/a, n/a, n/a","Huang, n/a, n/a, n/a, n/a"
929,赵村村志,24,"王, 范, 高, 梁, 刘","Wang, Fan, Gao, Liang, Liu"
931,小许庄村志,33,"吴, 宋, 姜, 王, 苗","Wu, Song, Jiang, Wang, Miao"
932,邢庄村志,32,"邢, 李, 王, 曹, 张","Xing, Li, Wang, Cao, Zhang"
933,无为庄村志,14,"刘, 王, 石, 张, 曹","Liu, Wang, Shi, Zhang, Cao"
934,微水村志,105,"张, 高, 刘, 陈, 王","Zhang, Gao, Liu, Chen, Wang"
935,拦车村志,21,"韩, 王, 张, 郭, 董","Han, Wang, Zhang, Guo, Dong"
936,蒋庄村志,108,"沈, 张, 顾, 陈, 俞","Shen, Zhang, Gu, Chen, Yu"
937,赤社村志,27,"吕, 黄, 梁, 闫, 张","Lü, Huang, Liang, Yan, Zhang"
938,交丙坛村志,n/a,"陈, n/a, n/a, n/a, n/a","Chen, n/a, n/a, n/a, n/a"
939,邢寨村志,n/a,"邢, 时, 任, 朱, 徐","Xing, Shi, Ren, Zhu, Xu"
940,西林西村志,9,"孔, 赵, 宋, 艾, 曹","Kong, Zhao, Song, Ai, Cao"
942,西古现村志,17,"于, 车, 萧, 刘, 朱","Yu, Che, Xiao, Liu, Zhu"
943,崔家庄村志,74,"智, 阎, 郭, 高, 张","Zhi, Yan, Guo, Gao, Zhang"
944,聪子峪村志,23,"史, 王, 刘, 张, 孙","Shi, Wang, Liu, Zhang, Sun"
945,大北村志,95,"刘, 罗, 荆, 张, 王","Liu, Luo, Jing, Zhang, Wang"
946,金建村志,115,"金, 朱, 王, 张, 沈","Jin, Zhu, Wang, Zhang, Shen"
947,大望京村志,150,n/a,n/a
949,西王村志,12,"王, n/a, n/a, n/a, n/a","Wang, n/a, n/a, n/a, n/a"
950,西马村志,42,"李, 王, 张, 罗, 耿","Li, Wang, Zhang, Luo, Geng"
951,两坂村志,13,"李, n/a, n/a, n/a, n/a","Li, n/a, n/a, n/a, n/a"
952,李堡村志,30,"范, n/a, n/a, n/a, n/a","Fan, n/a, n/a, n/a, n/a"
953,后郭村志,113,"陈, 刘, 佘, 董, 杨","Chen, Liu, She, Dong, Yang"
954,辛庄村志,17,"田, 韩, 李, 杨, 张","Tian, Han, Li, Yang, Zhang"
955,和平村志,30,"梁, 陈, 郭, 霍, 何","Liang, Chen, Guo, Huo, He"
956,城南村志,67,"王, 刘, 姚, 郭, 张","Wang, Liu, Yao, Guo, Zhang"
957,城东村志,91,"李, 王, 张, 郭, 田","Li, Wang, Zhang, Guo, Tian"
958,城内村志,91,"张, 韩, 樊, 李, 王","Zhang, Han, Fan, Li, Wang"
959,潢涌村志,122,"黎, 郭, 袁, 陈, 丁","Li, Guo, Yuan, Chen, Ding"
960,环山村志,n/a,"龚, n/a, n/a, n/a, n/a","Gong, n/a, n/a, n/a, n/a"
961,西董铺村志,92,"李, 张, 王, 刘, 赵","Li, Zhang, Wang, Liu, Zhao"
962,冼村村志,14,"冼, 卢, 梁, 罗, n/a","Xian, Lu, Liang, Luo, n/a"
963,楚寨村志,23,n/a,n/a
965,崔楼村志,51,n/a,n/a
966,酒务村志,38,"李, 赵, 张, 毕, 牛","Li, Zhao, Zhang, Bi, Niu"
967,卜居头村志,4,"卜, 张, 牛, 马, n/a","Bu, Zhang, Niu, Ma, n/a"
968,保宁村志,n/a,"赵, 马, 车, n/a, n/a","Zhao, Ma, Che, n/a, n/a"
970,涧塘村志,58,"陈, 周, 章, 王, 赵","Chen, Zhou, Zhang, Wang, Zhao"
971,朱麻硷村志,10,"朱, 麻, n/a, n/a, n/a","Zhu, Ma, n/a, n/a, n/a"
972,李街村志,61,"许, 李, 刘, 张, 潘","Xu, Li, Liu, Zhang, Pan"
974,箭泾村志,159,"顾, 朱, 周, 徐, 陈","Gu, Zhu, Zhou, Xu, Chen"
975,崔庄村志,n/a,"崔, 康, 李, 王, 常","Cui, Kang, Li, Wang, Chang"
976,陈堡村志,39,n/a,n/a
978,驼房营村志,n/a,"苏, n/a, n/a, n/a, n/a","Su, n/a, n/a, n/a, n/a"
980,卢沟桥村志,171,"刘, 李, 张, 王, 郭","Liu, Li, Zhang, Wang, Guo"
981,广川街村志,8,"王, n/a, n/a, n/a, n/a","Wang, n/a, n/a, n/a, n/a"
982,车厂村志,93,"刘, 张, 李, 王, 赵","Liu, Zhang, Li, Wang, Zhao"
983,兴复村志,82,"顾, 黄, 朱, 陈, 钟","Gu, Huang, Zhu, Chen, Zhong"
984,黄皮村志,20,"欧阳, 张, 刘, 邹, 黄","Ouyang, Zhang, Liu, Zou, Huang"
986,大楚留村志,25,"于, 高, 张, 刘, 赵","Yu, Gao, Zhang, Liu, Zhao"
987,华新村志,56,n/a,n/a
988,老道井村志,62,n/a,n/a
989,新新村志,109,"张, 吴, 陆, 沈, 曹","Zhang, Wu, Lu, Shen, Cao"
990,城子村志,n/a,"张, 姚, 苏, 岳, n/a","Zhang, Yao, Su, Yue, n/a"
991,花园村志,162,"钱, 徐, 陈, 张, 陆","Qian, Xu, Chen, Zhang, Lu"
992,故城村志,6,"梁, 胡, 李, 郭, 仝","Liang, Hu, Li, Guo, Tong"
993,都康村志,n/a,"叶, 丘, 张, n/a, n/a","Ye, Qiu, Zhang, n/a, n/a"
994,廖家林村志,123,"黄, 李, 刘, 陈, 王","Huang, Li, Liu, Chen, Wang"
997,葛寨村志,16,"张, 牛, 郭, 崔, n/a","Zhang, Niu, Guo, Cui, n/a"
998,崔家村志,11,"崔, 宋, 赵, 郭, 夏","Cui, Song, Zhao, Guo, Xia"
999,篁墩村志,44,"汪, 程, 吴, 方, 胡","Wang, Cheng, Wu, Fang, Hu"
1000,兰寨村志,25,n/a,n/a
